name,random_column1,random_column2,random_column3
Taxa_0,0.45303222603186877,1.9801547427961053,43
Taxa_1,0.3276816717486982,2.901485035789767,18
Taxa_2,0.7817176831389784,0.8169962886608579,88
Taxa_3,0.538278090458638,-2.9731013860390583,95
Taxa_4,0.5915676489932427,-2.0927680151507433,17
